<?xml version="1.0" encoding="UTF-8"?>
<!DOCTYPE mapper PUBLIC "-//mybatis.org//DTD Mapper 3.0//EN" "http://mybatis.org/dtd/mybatis-3-mapper.dtd">
<mapper namespace="io.github.talelin.latticy.mapper.SpuMapper">

    <!-- 通用查询映射结果 -->
    <resultMap id="BaseResultMap" type="io.github.talelin.latticy.model.SpuDetailDO">
        <id column="id" property="id"/>
        <result column="create_time" property="createTime"/>
        <result column="update_time" property="updateTime"/>
        <result column="delete_time" property="deleteTime"/>
        <result column="title" property="title"/>
        <result column="subtitle" property="subtitle"/>
        <result column="category_id" property="categoryId"/>
        <result column="root_category_id" property="rootCategoryId"/>
        <result column="online" property="online"/>
        <result column="price" property="price"/>
        <result column="sketch_spec_id" property="sketchSpecId"/>
        <result column="default_sku_id" property="defaultSkuId"/>
        <result column="img" property="img"/>
        <result column="discount_price" property="discountPrice"/>
        <result column="description" property="description"/>
        <result column="tags" property="tags"/>
        <result column="is_test" property="isTest"/>
        <result column="spu_theme_img" property="spuThemeImg"/>
        <result column="for_theme_img" property="forThemeImg"/>

        <collection property="bannerImgs" ofType="java.lang.String">
            <constructor>
                <arg column="banner_img"/>
            </constructor>
        </collection>
    </resultMap>

    <!--    <resultMap id="bannerImg" type="">-->
    <!--        <result property=""></result>-->
    <!--    </resultMap>-->


    <select id="getDetail" resultMap="BaseResultMap">
        SELECT s.*,
               sku.title AS default_sku_title,
               c.name    AS category_name,
               sk.name   AS sketch_spec_key_name,
               si.img    AS banner_img
        FROM spu s
                 JOIN sku ON sku.id = s.default_sku_id
                 JOIN category c ON c.id = s.category_id
                 JOIN spec_key sk ON sk.id = s.sketch_spec_id
                 JOIN spu_img si ON si.spu_id = s.id
        WHERE s.id = #{id}
          AND s.delete_time IS NULL

    </select>

</mapper>
