<?xml version="1.0" encoding="UTF-8"?>
<!DOCTYPE mapper PUBLIC "-//mybatis.org//DTD Mapper 3.0//EN" "http://mybatis.org/dtd/mybatis-3-mapper.dtd">
<mapper namespace="io.github.talelin.latticy.mapper.ActivityMapper">

    <!-- 通用查询映射结果 -->
    <resultMap id="BaseResultMap" type="io.github.talelin.latticy.model.ActivityDO">
        <id column="id" property="id" />
        <result column="create_time" property="createTime" />
        <result column="update_time" property="updateTime" />
        <result column="delete_time" property="deleteTime" />
        <result column="title" property="title" />
        <result column="description" property="description" />
        <result column="start_time" property="startTime" />
        <result column="end_time" property="endTime" />
        <result column="remark" property="remark" />
        <result column="online" property="online" />
        <result column="entrance_img" property="entranceImg" />
        <result column="internal_top_img" property="internalTopImg" />
        <result column="name" property="name" />
    </resultMap>

</mapper>
