<?xml version="1.0" encoding="UTF-8"?>
<!DOCTYPE mapper PUBLIC "-//mybatis.org//DTD Mapper 3.0//EN" "http://mybatis.org/dtd/mybatis-3-mapper.dtd">

<mapper namespace="io.github.talelin.latticy.mapper.BannerMapper">
    <resultMap id="BaseResultMap" type="io.github.talelin.latticy.model.BannerDO">
        <id column="id" property="id"/>
        <result column="img" property="img"/>
        <result column="type" property="type"/>
        <result column="create_time" property="createTime"/>
        <result column="update_time" property="updateTime"/>
        <result column="delete_time" property="deleteTime"/>
        <result column="title" property="title"/>
        <result column="name" property="name"/>
    </resultMap>

    <select id="getAllBanners" resultMap="BaseResultMap">
        SELECT *
        FROM banner
    </select>
    <insert id="insertBanner" useGeneratedKeys="true" keyProperty="id"
            parameterType="io.github.talelin.latticy.model.BannerDO">
        INSERT INTO banner(name, title)
        VALUES (#{name}, #{title})
    </insert>
</mapper>

