<?xml version="1.0" encoding="UTF-8"?>
<!DOCTYPE mapper PUBLIC "-//mybatis.org//DTD Mapper 3.0//EN" "http://mybatis.org/dtd/mybatis-3-mapper.dtd">
<mapper namespace="io.github.talelin.latticy.mapper.CategoryMapper">

    <!-- 通用查询映射结果 -->
    <resultMap id="BaseResultMap" type="io.github.talelin.latticy.model.CategoryDO">
        <id column="id" property="id" />
        <result column="create_time" property="createTime" />
        <result column="update_time" property="updateTime" />
        <result column="delete_time" property="deleteTime" />
        <result column="name" property="name" />
        <result column="description" property="description" />
        <result column="is_root" property="isRoot" />
        <result column="parent_id" property="parentId" />
        <result column="img" property="img" />
        <result column="index" property="index" />
        <result column="online" property="online" />
        <result column="level" property="level" />
    </resultMap>


</mapper>
