<?xml version="1.0" encoding="UTF-8"?>
<!DOCTYPE mapper PUBLIC "-//mybatis.org//DTD Mapper 3.0//EN" "http://mybatis.org/dtd/mybatis-3-mapper.dtd">
<mapper namespace="io.github.talelin.latticy.mapper.SkuSpecMapper">

    <!-- 通用查询映射结果 -->
    <resultMap id="BaseResultMap" type="io.github.talelin.latticy.model.SkuSpecDO">
        <id column="id" property="id" />
        <result column="spu_id" property="spuId" />
        <result column="sku_id" property="skuId" />
        <result column="key_id" property="keyId" />
        <result column="value_id" property="valueId" />
    </resultMap>

    <select id="getSkuIdsByKeyId" resultType="java.lang.Integer">
        select distinct s.sku_id from sku_spec s where s.key_id = #{keyId}
    </select>

    <select id="getSkuIdsByValueId" resultType="java.lang.Integer">
        select distinct s.sku_id from sku_spec s where s.value_id = #{valueId}
    </select>

    <delete id="deleteSpecs">
        delete from sku_spec where sku_spec.spu_id=#{spuId} and sku_spec.sku_id=#{skuId}
    </delete>

    <select id="getSpecValueId" resultType="java.lang.Integer">
        select s.value_id as value_id from sku_spec s
        where s.sku_id = #{skuId}
        and s.key_id = #{keyId}
    </select>



</mapper>
