<?xml version="1.0" encoding="UTF-8"?>
<!DOCTYPE mapper PUBLIC "-//mybatis.org//DTD Mapper 3.0//EN" "http://mybatis.org/dtd/mybatis-3-mapper.dtd">
<mapper namespace="io.github.talelin.latticy.mapper.SpecValueMapper">

    <!-- 通用查询映射结果 -->
    <resultMap id="BaseResultMap" type="io.github.talelin.latticy.model.SpecValueDO">
        <id column="id" property="id" />
        <result column="create_time" property="createTime" />
        <result column="update_time" property="updateTime" />
        <result column="delete_time" property="deleteTime" />
        <result column="value" property="value" />
        <result column="spec_id" property="specId" />
        <result column="extend" property="extend" />
    </resultMap>

    <!-- SpecKeyAndValue查询映射结果 -->
    <resultMap id="SpecKeyAndValueResultMap" type="io.github.talelin.latticy.model.SpecKeyValueDO">
        <result column="key_id" property="keyId"/>
        <result column="value_id" property="valueId"/>
        <result column="spec_value" property="value"/>
        <result column="spec_key" property="key"/>
    </resultMap>

    <select id="getSpecKeyAndValueById" resultMap="SpecKeyAndValueResultMap">
        select v.id value_id, v.value spec_value, k.id key_id, k.name spec_key
        from spec_value as v
        left join spec_key as k on v.spec_id=k.id
        where v.id = #{valueId}
        and v.delete_time is null
        and k.id = #{keyId}
        and k.delete_time is null
        limit 1
    </select>


</mapper>
