<?xml version="1.0" encoding="UTF-8"?>
<!DOCTYPE mapper PUBLIC "-//mybatis.org//DTD Mapper 3.0//EN" "http://mybatis.org/dtd/mybatis-3-mapper.dtd">
<mapper namespace="io.github.talelin.latticy.mapper.SpuImgMapper">

    <!-- 通用查询映射结果 -->
    <resultMap id="BaseResultMap" type="io.github.talelin.latticy.model.SpuImgDO">
        <id column="id" property="id" />
        <result column="delete_time" property="deleteTime" />
        <result column="update_time" property="updateTime" />
        <result column="create_time" property="createTime" />
        <result column="img" property="img" />
        <result column="spu_id" property="spuId" />
    </resultMap>

    <delete id="hardDeleteImgsBySpuId">
        delete from spu_img where spu_img.`spu_id` = #{spuId}
    </delete>

</mapper>
